{
  "project_info": {
    "project_number": "110187010751",
    "firebase_url": "https://apptodo-2cc60.firebaseio.com",
    "project_id": "apptodo-2cc60",
    "storage_bucket": "apptodo-2cc60.appspot.com"
  },
  "client": [
    {
      "client_info": {
        "mobilesdk_app_id": "1:110187010751:android:325fd64ddc498999",
        "android_client_info": {
          "package_name": "com.example.vdiaz3.apptodo"
        }
      },
      "oauth_client": [
        {
          "client_id": "110187010751-au8mckjcb6scu1kl6gtlnbcbk0bggqcq.apps.googleusercontent.com",
          "client_type": 1,
          "android_info": {
            "package_name": "com.example.vdiaz3.apptodo",
            "certificate_hash": "42b6b8c2942ce9d659c496b5b289c4e57489d68a"
          }
        }
      ],
      "api_key": [
        {
          "current_key": "AIzaSyBXiEX_1jjcY1Fxzq2ciinIjJoFcDY6cJE"
        }
      ],
      "services": {
        "appinvite_service": {
          "other_platform_oauth_client": [
            {
              "client_id": "110187010751-d4draog6i0r76jd8qpn5u2jj3ileldl0.apps.googleusercontent.com",
              "client_type": 3
            }
          ]
        }
      }
    }
  ],
  "configuration_version": "1"
}